split,dimension,bucket,rows,codes,dates,mean_resid_2d,mean_resid_3d,mean_resid_5d
TRAIN_OOF,bucket_extension,<1ATR,31956,855,1249,-0.00015642720911623564,-0.0001476135289645671,-0.00013251151341276847
TRAIN_OOF,bucket_extension,1-2ATR,6457,568,1076,0.0011688333710065484,0.001209026090123853,0.0015466758976142093
TRAIN_OOF,bucket_extension,2-3ATR,2765,378,816,0.0015293461798934062,0.001961360086883695,0.0028757758905007774
TRAIN_OOF,bucket_extension,>=3ATR,1027,223,504,0.0003464917808384462,-0.0003512963555221538,0.0011921592851625161
TRAIN_OOF,bucket_er,ER_LOW,21856,803,1242,9.577719691378761e-06,-8.638576035533949e-06,0.000448860270227164
TRAIN_OOF,bucket_er,ER_MID,15069,766,1213,0.00025710377213252226,0.0002854606963198084,0.00022950126584105626
TRAIN_OOF,bucket_er,ER_HIGH,5279,641,1019,0.0005755114539687836,0.0007584768755408011,0.0003031841470458213
TRAIN_OOF,bucket_volume_clv,VOL_HIGH_CLV_HIGH,5094,599,1004,0.0013016469285367126,0.0008306578442085225,0.0010044923196706394
TRAIN_OOF,bucket_volume_clv,VOL_HIGH_CLV_LOW,15660,773,1207,-0.0003225711221546719,-8.566777232205087e-05,9.876733543374348e-05
TRAIN_OOF,bucket_volume_clv,VOL_LOW,21451,830,1225,0.0002589032095181277,0.0002453083339525098,0.0003852797502250903
DEV_VALIDATION,bucket_extension,<1ATR,2134,234,61,0.0004909694210099687,0.0007407255289455943,0.0017743000785872276
DEV_VALIDATION,bucket_extension,1-2ATR,513,127,58,0.0013727131566529825,0.0014939287507034693,0.00154734100040759
DEV_VALIDATION,bucket_extension,2-3ATR,274,84,46,0.0022623895528029233,0.0005352595421693208,-0.0024937224775168332
DEV_VALIDATION,bucket_extension,>=3ATR,112,43,22,0.0003753877689615899,-0.0008255021639742479,-0.003659712268075005
DEV_VALIDATION,bucket_er,ER_LOW,1351,203,61,-0.0007012475713659028,-0.0010325295940207713,-0.0005468785262095033
DEV_VALIDATION,bucket_er,ER_MID,1211,201,61,0.0013549065867092364,0.0017727198322869744,0.0020397601920009913
DEV_VALIDATION,bucket_er,ER_HIGH,471,121,54,0.0036527863138012774,0.0035020856999842713,0.003727511389482086
DEV_VALIDATION,bucket_volume_clv,VOL_HIGH_CLV_HIGH,445,139,59,0.001052002598616879,0.0010165682138645036,-0.001576954650100086
DEV_VALIDATION,bucket_volume_clv,VOL_HIGH_CLV_LOW,945,203,61,-0.0004708170859945205,-0.0019081346280274975,-0.001538582550397091
DEV_VALIDATION,bucket_volume_clv,VOL_LOW,1643,214,61,0.0014550515832442257,0.002283696268037941,0.003434376078800982
