split,variable,h5_segment,bin,rows,mean_resid_2d,mean_resid_5d
TRAIN_OOF,ts_slope_r2_10,H5_BOTTOM20,"(-0.299, -0.00931]",22643,-0.006753378275501401,-0.010116097334793487
TRAIN_OOF,ts_slope_r2_10,H5_BOTTOM20,"(-0.00931, -0.00464]",13720,-0.004453345853925585,-0.006636408766176772
TRAIN_OOF,ts_slope_r2_10,H5_BOTTOM20,"(-0.00464, -0.00192]",12262,-0.0039423788585748595,-0.0028716341467364473
TRAIN_OOF,ts_slope_r2_10,H5_BOTTOM20,"(-0.00192, -0.000412]",11828,-0.0039020465352162387,-0.0046627312763897364
TRAIN_OOF,ts_slope_r2_10,H5_BOTTOM20,"(-0.000412, -3.02e-06]",12453,-0.0029172738838520564,-0.0030479311187789357
TRAIN_OOF,ts_slope_r2_10,H5_BOTTOM20,"(-3.02e-06, 0.00012]",12333,-0.002904680128180611,-0.002668553296466358
TRAIN_OOF,ts_slope_r2_10,H5_BOTTOM20,"(0.00012, 0.0012]",11818,-0.0030352313976795935,-0.0023214390875432324
TRAIN_OOF,ts_slope_r2_10,H5_BOTTOM20,"(0.0012, 0.00373]",11627,-0.002358439834636829,-0.0008556250905060179
TRAIN_OOF,ts_slope_r2_10,H5_BOTTOM20,"(0.00373, 0.0087]",13296,-0.0024890833216303443,-0.002349181747516776
TRAIN_OOF,ts_slope_r2_10,H5_BOTTOM20,"(0.0087, 0.457]",26680,-0.0038504451737867273,-0.004482444675787375
TRAIN_OOF,ts_slope_r2_10,H5_MIDDLE,"(-0.299, -0.00931]",33984,-0.0020497421346822174,-0.00302868433622857
TRAIN_OOF,ts_slope_r2_10,H5_MIDDLE,"(-0.00931, -0.00464]",42016,-0.0019507868208702972,-0.0022050155007850114
TRAIN_OOF,ts_slope_r2_10,H5_MIDDLE,"(-0.00464, -0.00192]",41431,-0.0014457806716195456,-0.0020309127141686844
TRAIN_OOF,ts_slope_r2_10,H5_MIDDLE,"(-0.00192, -0.000412]",40795,-0.0013948521820189297,-0.0015780906209767202
TRAIN_OOF,ts_slope_r2_10,H5_MIDDLE,"(-0.000412, -3.02e-06]",40182,-0.0011590474928385242,-0.0015271137826713623
TRAIN_OOF,ts_slope_r2_10,H5_MIDDLE,"(-3.02e-06, 0.00012]",40196,-0.0007510614770063759,-0.0011100465100740333
TRAIN_OOF,ts_slope_r2_10,H5_MIDDLE,"(0.00012, 0.0012]",40052,-0.0008368542512265122,-0.0011452834899725998
TRAIN_OOF,ts_slope_r2_10,H5_MIDDLE,"(0.0012, 0.00373]",39820,-0.0004470424522004821,-0.0004532040015190134
TRAIN_OOF,ts_slope_r2_10,H5_MIDDLE,"(0.00373, 0.0087]",41620,-0.00017106932679662048,0.000478807750116745
TRAIN_OOF,ts_slope_r2_10,H5_MIDDLE,"(0.0087, 0.457]",34252,0.00014038918364212648,0.001709416699959475
TRAIN_OOF,ts_slope_r2_10,H5_TOP20,"(-0.299, -0.00931]",7390,-0.000431803369300356,-0.001800366031916431
TRAIN_OOF,ts_slope_r2_10,H5_TOP20,"(-0.00931, -0.00464]",8281,-0.001383279505072099,-0.002094143857655866
TRAIN_OOF,ts_slope_r2_10,H5_TOP20,"(-0.00464, -0.00192]",10324,-0.0007153388722847061,-0.0013636413188502566
TRAIN_OOF,ts_slope_r2_10,H5_TOP20,"(-0.00192, -0.000412]",11394,-0.00039046078466511324,-0.00016909536860771742
TRAIN_OOF,ts_slope_r2_10,H5_TOP20,"(-0.000412, -3.02e-06]",11382,-9.648005219884293e-05,0.0006743819175051651
TRAIN_OOF,ts_slope_r2_10,H5_TOP20,"(-3.02e-06, 0.00012]",11487,0.0009071895647921668,0.0011281434991911852
TRAIN_OOF,ts_slope_r2_10,H5_TOP20,"(0.00012, 0.0012]",12147,0.0007490987427093799,0.001732632503508617
TRAIN_OOF,ts_slope_r2_10,H5_TOP20,"(0.0012, 0.00373]",12570,0.0007744960424025879,0.0006714092727978394
TRAIN_OOF,ts_slope_r2_10,H5_TOP20,"(0.00373, 0.0087]",9101,0.00174359168999699,0.0034907986347408214
TRAIN_OOF,ts_slope_r2_10,H5_TOP20,"(0.0087, 0.457]",3085,0.0010874477495685638,0.00017871102433629873
TRAIN_OOF,ts_rsv10,H5_BOTTOM20,"(-0.0576, 0.0821]",14528,-0.006537842519290385,-0.00944646551131661
TRAIN_OOF,ts_rsv10,H5_BOTTOM20,"(0.0821, 0.157]",13474,-0.0055339989915143125,-0.008122486073740857
TRAIN_OOF,ts_rsv10,H5_BOTTOM20,"(0.157, 0.242]",14232,-0.004324084608390097,-0.004913907031814193
TRAIN_OOF,ts_rsv10,H5_BOTTOM20,"(0.242, 0.34]",15190,-0.005040852568070996,-0.005412105126046253
TRAIN_OOF,ts_rsv10,H5_BOTTOM20,"(0.34, 0.448]",15786,-0.00431522032644446,-0.004413344254441426
TRAIN_OOF,ts_rsv10,H5_BOTTOM20,"(0.448, 0.562]",15636,-0.004564218667819953,-0.005537497825409928
TRAIN_OOF,ts_rsv10,H5_BOTTOM20,"(0.562, 0.674]",15432,-0.0041319353155029204,-0.004740986512440404
TRAIN_OOF,ts_rsv10,H5_BOTTOM20,"(0.674, 0.782]",15003,-0.002025343700423068,-0.0026422969006957794
TRAIN_OOF,ts_rsv10,H5_BOTTOM20,"(0.782, 0.887]",14513,-0.001532675423053173,-0.0005006389127099418
TRAIN_OOF,ts_rsv10,H5_BOTTOM20,"(0.887, 1.007]",14866,-0.0010925899832599781,0.00037669534662700284
TRAIN_OOF,ts_rsv10,H5_MIDDLE,"(-0.0576, 0.0821]",38521,-0.002183037011320487,-0.00327147715540669
TRAIN_OOF,ts_rsv10,H5_MIDDLE,"(0.0821, 0.157]",40254,-0.0022811807706379886,-0.002423200530610312
TRAIN_OOF,ts_rsv10,H5_MIDDLE,"(0.157, 0.242]",40078,-0.00198428407176206,-0.0023300662159493734
TRAIN_OOF,ts_rsv10,H5_MIDDLE,"(0.242, 0.34]",39446,-0.0015595605420042479,-0.001988696709319693
TRAIN_OOF,ts_rsv10,H5_MIDDLE,"(0.34, 0.448]",39263,-0.0011417906474328226,-0.0019380460511804849
TRAIN_OOF,ts_rsv10,H5_MIDDLE,"(0.448, 0.562]",39361,-0.0007943609875539083,-0.0011943552177362214
TRAIN_OOF,ts_rsv10,H5_MIDDLE,"(0.562, 0.674]",39438,-0.0006334356300696273,-0.0003534032887553039
TRAIN_OOF,ts_rsv10,H5_MIDDLE,"(0.674, 0.782]",39757,-1.0525345552574239e-05,0.0005069800292077542
TRAIN_OOF,ts_rsv10,H5_MIDDLE,"(0.782, 0.887]",39627,4.158132869931409e-05,-4.6698297931518126e-05
TRAIN_OOF,ts_rsv10,H5_MIDDLE,"(0.887, 1.007]",38604,0.00046639666639085753,0.002036678695897971
TRAIN_OOF,ts_rsv10,H5_TOP20,"(-0.0576, 0.0821]",10969,-0.0010822014039302149,-0.0013591937074357834
TRAIN_OOF,ts_rsv10,H5_TOP20,"(0.0821, 0.157]",10299,-0.0013245068213740567,-0.0014314384720882016
TRAIN_OOF,ts_rsv10,H5_TOP20,"(0.157, 0.242]",9697,-0.0006685648869268947,-0.0009776560711862244
TRAIN_OOF,ts_rsv10,H5_TOP20,"(0.242, 0.34]",9381,0.00024956129428080673,-0.0010332962444825
TRAIN_OOF,ts_rsv10,H5_TOP20,"(0.34, 0.448]",9018,4.4391270474131055e-06,0.0003501578580006214
TRAIN_OOF,ts_rsv10,H5_TOP20,"(0.448, 0.562]",8974,0.0002760503684054513,0.0006054382250276163
TRAIN_OOF,ts_rsv10,H5_TOP20,"(0.562, 0.674]",9152,0.00045494681045562965,0.0009147270473414982
TRAIN_OOF,ts_rsv10,H5_TOP20,"(0.674, 0.782]",9258,0.0009069407647730384,0.0020484388735385467
TRAIN_OOF,ts_rsv10,H5_TOP20,"(0.782, 0.887]",9870,0.0017134757910619498,0.0021278468215947515
TRAIN_OOF,ts_rsv10,H5_TOP20,"(0.887, 1.007]",10544,0.001761608712828559,0.002626766812950408
TRAIN_OOF,ts_pv_corr10,H5_BOTTOM20,"(-0.993, -0.52]",13205,-0.0043548574833469425,-0.004298515839489952
TRAIN_OOF,ts_pv_corr10,H5_BOTTOM20,"(-0.52, -0.327]",12837,-0.004161470610187005,-0.006294627251488212
TRAIN_OOF,ts_pv_corr10,H5_BOTTOM20,"(-0.327, -0.169]",12728,-0.0025656381306673453,-0.005099801618289992
TRAIN_OOF,ts_pv_corr10,H5_BOTTOM20,"(-0.169, -0.0249]",13096,-0.003860553478357387,-0.0048847956970712895
TRAIN_OOF,ts_pv_corr10,H5_BOTTOM20,"(-0.0249, 0.112]",13422,-0.0035773150049654375,-0.0038795530367353526
TRAIN_OOF,ts_pv_corr10,H5_BOTTOM20,"(0.112, 0.243]",13981,-0.004314725571658647,-0.0024597223608540187
TRAIN_OOF,ts_pv_corr10,H5_BOTTOM20,"(0.243, 0.373]",14692,-0.0039012947081778133,-0.004352209049919935
TRAIN_OOF,ts_pv_corr10,H5_BOTTOM20,"(0.373, 0.508]",15930,-0.002518146463910273,-0.0020163005118339307
TRAIN_OOF,ts_pv_corr10,H5_BOTTOM20,"(0.508, 0.661]",17295,-0.004088144859092032,-0.004572584684786119
TRAIN_OOF,ts_pv_corr10,H5_BOTTOM20,"(0.661, 0.997]",21474,-0.005083599163551135,-0.006589186796392009
TRAIN_OOF,ts_pv_corr10,H5_MIDDLE,"(-0.993, -0.52]",39452,-0.0011297968825519668,-0.0021869198334138807
TRAIN_OOF,ts_pv_corr10,H5_MIDDLE,"(-0.52, -0.327]",40227,-0.0017859942339819629,-0.002595876933413065
TRAIN_OOF,ts_pv_corr10,H5_MIDDLE,"(-0.327, -0.169]",40275,-0.0010626878481537368,-0.0008619513802420812
TRAIN_OOF,ts_pv_corr10,H5_MIDDLE,"(-0.169, -0.0249]",40387,-0.001088981293073972,-0.001187266446320291
TRAIN_OOF,ts_pv_corr10,H5_MIDDLE,"(-0.0249, 0.112]",40400,-0.001185993911285904,-0.0016815765462448833
TRAIN_OOF,ts_pv_corr10,H5_MIDDLE,"(0.112, 0.243]",39883,-0.0011495358578851949,-0.0014821892505034301
TRAIN_OOF,ts_pv_corr10,H5_MIDDLE,"(0.243, 0.373]",39697,-0.0007747951477001411,-0.0007244713644241436
TRAIN_OOF,ts_pv_corr10,H5_MIDDLE,"(0.373, 0.508]",39215,-0.0007105429283275589,-0.0007842064610682796
TRAIN_OOF,ts_pv_corr10,H5_MIDDLE,"(0.508, 0.661]",38841,-0.0002729881770971747,0.000522259503021602
TRAIN_OOF,ts_pv_corr10,H5_MIDDLE,"(0.661, 0.997]",35971,-0.0009070023842921744,0.00011369949009569032
TRAIN_OOF,ts_pv_corr10,H5_TOP20,"(-0.993, -0.52]",11360,-0.00038719418706267226,-0.0010004555987147537
TRAIN_OOF,ts_pv_corr10,H5_TOP20,"(-0.52, -0.327]",10953,1.577482776388893e-05,1.5245734372581128e-05
TRAIN_OOF,ts_pv_corr10,H5_TOP20,"(-0.327, -0.169]",11014,0.0004365714011935292,0.0008378396827265728
TRAIN_OOF,ts_pv_corr10,H5_TOP20,"(-0.169, -0.0249]",10533,5.229392629583541e-05,0.0011582139795056185
TRAIN_OOF,ts_pv_corr10,H5_TOP20,"(-0.0249, 0.112]",10195,0.00033486553874247744,0.00033418147614923475
TRAIN_OOF,ts_pv_corr10,H5_TOP20,"(0.112, 0.243]",10153,0.0016954234345342612,0.001532426857321814
TRAIN_OOF,ts_pv_corr10,H5_TOP20,"(0.243, 0.373]",9627,7.13799830654451e-06,2.4967148320051688e-06
TRAIN_OOF,ts_pv_corr10,H5_TOP20,"(0.373, 0.508]",8872,-0.0005420917546654932,-0.0008398758282250407
TRAIN_OOF,ts_pv_corr10,H5_TOP20,"(0.508, 0.661]",7881,0.00014995602974683133,0.0009856519597781408
TRAIN_OOF,ts_pv_corr10,H5_TOP20,"(0.661, 0.997]",6572,0.00040685133806123413,0.0009353440354300655
TRAIN_OOF,ts_rsi5,H5_BOTTOM20,"(-0.001, 10.0]",12625,-0.005868040745916125,-0.00947283709277109
TRAIN_OOF,ts_rsi5,H5_BOTTOM20,"(10.0, 21.354]",13154,-0.005976181036332276,-0.007614863911687743
TRAIN_OOF,ts_rsi5,H5_BOTTOM20,"(21.354, 30.556]",13358,-0.004448326766385201,-0.004493294962424714
TRAIN_OOF,ts_rsi5,H5_BOTTOM20,"(30.556, 38.889]",13771,-0.004230230891510091,-0.004934284267307775
TRAIN_OOF,ts_rsi5,H5_BOTTOM20,"(38.889, 46.97]",14120,-0.003477724354897011,-0.0036005655125790656
TRAIN_OOF,ts_rsi5,H5_BOTTOM20,"(46.97, 54.839]",14385,-0.004024806759727416,-0.003506336063628669
TRAIN_OOF,ts_rsi5,H5_BOTTOM20,"(54.839, 63.137]",15196,-0.00430034680766245,-0.004080910852374003
TRAIN_OOF,ts_rsi5,H5_BOTTOM20,"(63.137, 72.131]",15265,-0.003729798070529181,-0.004381899007905502
TRAIN_OOF,ts_rsi5,H5_BOTTOM20,"(72.131, 82.759]",15944,-0.0020506214876291565,-0.003961843789152451
TRAIN_OOF,ts_rsi5,H5_BOTTOM20,"(82.759, 99.937]",16368,-0.002728809901702671,-0.0026608802029758826
TRAIN_OOF,ts_rsi5,H5_MIDDLE,"(-0.001, 10.0]",37921,-0.001619955484868812,-0.0026056160693752185
TRAIN_OOF,ts_rsi5,H5_MIDDLE,"(10.0, 21.354]",38525,-0.0018907259302638434,-0.0025880751781037735
TRAIN_OOF,ts_rsi5,H5_MIDDLE,"(21.354, 30.556]",38921,-0.0017674288207073878,-0.0018135910223234027
TRAIN_OOF,ts_rsi5,H5_MIDDLE,"(30.556, 38.889]",38803,-0.0015837054574940632,-0.001954954058833844
TRAIN_OOF,ts_rsi5,H5_MIDDLE,"(38.889, 46.97]",38866,-0.001306995842110064,-0.001744217233994777
TRAIN_OOF,ts_rsi5,H5_MIDDLE,"(46.97, 54.839]",38521,-0.0009959419146652467,-0.0012167826550201239
TRAIN_OOF,ts_rsi5,H5_MIDDLE,"(54.839, 63.137]",38110,-0.0008030893293036334,-0.0010342443239360747
TRAIN_OOF,ts_rsi5,H5_MIDDLE,"(63.137, 72.131]",38048,-0.0006008620194364412,-0.0006146350792683617
TRAIN_OOF,ts_rsi5,H5_MIDDLE,"(72.131, 82.759]",37375,-0.0004183723295129122,-0.0006362526419202961
TRAIN_OOF,ts_rsi5,H5_MIDDLE,"(82.759, 99.937]",36970,0.00026221360803978244,0.0019125744584751218
TRAIN_OOF,ts_rsi5,H5_TOP20,"(-0.001, 10.0]",11418,-0.0013256176142652305,-0.0014989476712693093
TRAIN_OOF,ts_rsi5,H5_TOP20,"(10.0, 21.354]",10268,-0.0006635053415517771,-0.0018053737870686664
TRAIN_OOF,ts_rsi5,H5_TOP20,"(21.354, 30.556]",9699,-0.0006979393705318617,-0.0011907169825861738
TRAIN_OOF,ts_rsi5,H5_TOP20,"(30.556, 38.889]",9397,-0.00021335395334161274,-0.00025845897542798956
TRAIN_OOF,ts_rsi5,H5_TOP20,"(38.889, 46.97]",8938,-0.0004681534941480264,7.175531376085858e-05
TRAIN_OOF,ts_rsi5,H5_TOP20,"(46.97, 54.839]",9042,0.00021202783232032247,0.0003968254169660836
TRAIN_OOF,ts_rsi5,H5_TOP20,"(54.839, 63.137]",8644,0.0009333145593503228,0.0012744717012616335
TRAIN_OOF,ts_rsi5,H5_TOP20,"(63.137, 72.131]",8648,0.002001042027960991,0.002166271963508305
TRAIN_OOF,ts_rsi5,H5_TOP20,"(72.131, 82.759]",8633,0.0010727474588954078,0.0030680904693111337
TRAIN_OOF,ts_rsi5,H5_TOP20,"(82.759, 99.937]",8613,0.0013122163047968314,0.0014083950938548776
TRAIN_OOF,ts_clv3,H5_BOTTOM20,"(-1.9729999999999999, -0.461]",18622,-0.0057654826124509655,-0.007149102950252837
TRAIN_OOF,ts_clv3,H5_BOTTOM20,"(-0.461, -0.315]",16468,-0.006133944347107066,-0.007620037482712453
TRAIN_OOF,ts_clv3,H5_BOTTOM20,"(-0.315, -0.207]",15701,-0.0035196605256049584,-0.0033710392534949877
TRAIN_OOF,ts_clv3,H5_BOTTOM20,"(-0.207, -0.111]",15519,-0.004935453668143118,-0.0053573625967309555
TRAIN_OOF,ts_clv3,H5_BOTTOM20,"(-0.111, -0.0222]",14556,-0.003939335859306898,-0.0037079521197299586
TRAIN_OOF,ts_clv3,H5_BOTTOM20,"(-0.0222, 0.0677]",14144,-0.0023157147239160555,-0.0023593326627622353
TRAIN_OOF,ts_clv3,H5_BOTTOM20,"(0.0677, 0.167]",14067,-0.0026908287470077535,-0.00377719481826046
TRAIN_OOF,ts_clv3,H5_BOTTOM20,"(0.167, 0.278]",13847,-0.003403638929704347,-0.003959616651559629
TRAIN_OOF,ts_clv3,H5_BOTTOM20,"(0.278, 0.432]",13321,-0.0021495360178442166,-0.0018222534338723899
TRAIN_OOF,ts_clv3,H5_BOTTOM20,"(0.432, 1.667]",12396,-0.0028248479344129495,-0.004412616029840168
TRAIN_OOF,ts_clv3,H5_MIDDLE,"(-1.9729999999999999, -0.461]",36448,-0.002378541746759444,-0.002320790216346831
TRAIN_OOF,ts_clv3,H5_MIDDLE,"(-0.461, -0.315]",38199,-0.0017661568096675195,-0.002181549494390156
TRAIN_OOF,ts_clv3,H5_MIDDLE,"(-0.315, -0.207]",39052,-0.001361971217251977,-0.0016064420746837078
TRAIN_OOF,ts_clv3,H5_MIDDLE,"(-0.207, -0.111]",39433,-0.0014458827008039844,-0.0013989004075399738
TRAIN_OOF,ts_clv3,H5_MIDDLE,"(-0.111, -0.0222]",40155,-0.0011733919818055218,-0.0013618840062681514
TRAIN_OOF,ts_clv3,H5_MIDDLE,"(-0.0222, 0.0677]",40429,-0.0009688426632373787,-0.0006463047427841338
TRAIN_OOF,ts_clv3,H5_MIDDLE,"(0.0677, 0.167]",40492,-0.0006191244917137176,-0.0009633303398037983
TRAIN_OOF,ts_clv3,H5_MIDDLE,"(0.167, 0.278]",40527,-0.00041329205075760466,-0.000582732107913715
TRAIN_OOF,ts_clv3,H5_MIDDLE,"(0.278, 0.432]",40284,-0.0002789319746105971,-0.0003298504846795396
TRAIN_OOF,ts_clv3,H5_MIDDLE,"(0.432, 1.667]",39306,0.00011997488873329778,0.0001756933975284197
TRAIN_OOF,ts_clv3,H5_TOP20,"(-1.9729999999999999, -0.461]",8942,-0.0007962551008629404,-0.0005665987675313769
TRAIN_OOF,ts_clv3,H5_TOP20,"(-0.461, -0.315]",9345,-0.00024846172661373105,-0.00023966726454257358
TRAIN_OOF,ts_clv3,H5_TOP20,"(-0.315, -0.207]",9259,-0.00011235316238048888,0.0004975182354015196
TRAIN_OOF,ts_clv3,H5_TOP20,"(-0.207, -0.111]",9061,-0.0003625586494161904,0.000248060194945181
TRAIN_OOF,ts_clv3,H5_TOP20,"(-0.111, -0.0222]",9300,-0.0007781701595159612,-0.001553924581696744
TRAIN_OOF,ts_clv3,H5_TOP20,"(-0.0222, 0.0677]",9438,-0.0006408468963909152,0.00013817469316861652
TRAIN_OOF,ts_clv3,H5_TOP20,"(0.0677, 0.167]",9454,0.00013707062636965944,-0.00016334870472784233
TRAIN_OOF,ts_clv3,H5_TOP20,"(0.167, 0.278]",9652,0.001815315322853695,0.0009503596320975615
TRAIN_OOF,ts_clv3,H5_TOP20,"(0.278, 0.432]",10391,0.0008108409903389925,0.0015791950445891597
TRAIN_OOF,ts_clv3,H5_TOP20,"(0.432, 1.667]",12310,0.001683374321759222,0.002062808167005663
DEV_VALIDATION,ts_slope_r2_10,H5_BOTTOM20,"(-0.299, -0.00931]",2696,-0.010618766366558173,-0.019177420781562603
DEV_VALIDATION,ts_slope_r2_10,H5_BOTTOM20,"(-0.00931, -0.00464]",963,-0.012776461302145495,-0.020263452658451777
DEV_VALIDATION,ts_slope_r2_10,H5_BOTTOM20,"(-0.00464, -0.00192]",748,-0.00721563917363496,-0.00801145171436002
DEV_VALIDATION,ts_slope_r2_10,H5_BOTTOM20,"(-0.00192, -0.000412]",740,-0.005602803273372318,-0.00932686825227524
DEV_VALIDATION,ts_slope_r2_10,H5_BOTTOM20,"(-0.000412, -3.02e-06]",758,-0.007373517030755243,-0.011167869221799569
DEV_VALIDATION,ts_slope_r2_10,H5_BOTTOM20,"(-3.02e-06, 0.00012]",777,-0.006725431602915054,-0.00862965751342563
DEV_VALIDATION,ts_slope_r2_10,H5_BOTTOM20,"(0.00012, 0.0012]",660,-0.012089042144112114,-0.020704096330724918
DEV_VALIDATION,ts_slope_r2_10,H5_BOTTOM20,"(0.0012, 0.00373]",575,-0.010213869106090791,-0.014145159890407587
DEV_VALIDATION,ts_slope_r2_10,H5_BOTTOM20,"(0.00373, 0.0087]",621,-0.007289489237775717,-0.022578552031120927
DEV_VALIDATION,ts_slope_r2_10,H5_BOTTOM20,"(0.0087, 0.457]",1268,-0.004483643766462662,-0.013800530538564205
DEV_VALIDATION,ts_slope_r2_10,H5_MIDDLE,"(-0.299, -0.00931]",3035,-0.0026757031159743926,-0.007232240492409691
DEV_VALIDATION,ts_slope_r2_10,H5_MIDDLE,"(-0.00931, -0.00464]",2518,-0.003399597757400842,-0.004197977732941038
DEV_VALIDATION,ts_slope_r2_10,H5_MIDDLE,"(-0.00464, -0.00192]",2352,-0.0025755780976678714,-0.0037504246439814997
DEV_VALIDATION,ts_slope_r2_10,H5_MIDDLE,"(-0.00192, -0.000412]",2340,-0.0032819899634673835,-0.005060407026478936
DEV_VALIDATION,ts_slope_r2_10,H5_MIDDLE,"(-0.000412, -3.02e-06]",2310,-0.0011436657588190851,-0.0037578708219941563
DEV_VALIDATION,ts_slope_r2_10,H5_MIDDLE,"(-3.02e-06, 0.00012]",2467,-0.0018738809685696209,-0.004158927176862327
DEV_VALIDATION,ts_slope_r2_10,H5_MIDDLE,"(0.00012, 0.0012]",2334,-0.0017046737106617504,-0.005459554405184159
DEV_VALIDATION,ts_slope_r2_10,H5_MIDDLE,"(0.0012, 0.00373]",2371,-0.0030522926985431667,-0.006549509000965304
DEV_VALIDATION,ts_slope_r2_10,H5_MIDDLE,"(0.00373, 0.0087]",2293,-0.003685704028949249,-0.007150649476256312
DEV_VALIDATION,ts_slope_r2_10,H5_MIDDLE,"(0.0087, 0.457]",2094,-0.006616906399188806,-0.010420124350166276
DEV_VALIDATION,ts_slope_r2_10,H5_TOP20,"(-0.299, -0.00931]",317,-0.004758277206285536,-0.0023231508855642126
DEV_VALIDATION,ts_slope_r2_10,H5_TOP20,"(-0.00931, -0.00464]",614,-0.002040732675023309,-0.0037823623490764366
DEV_VALIDATION,ts_slope_r2_10,H5_TOP20,"(-0.00464, -0.00192]",782,-0.0008062250789323137,-0.003619941273445487
DEV_VALIDATION,ts_slope_r2_10,H5_TOP20,"(-0.00192, -0.000412]",657,0.0002006788266118083,0.00013792323717299533
DEV_VALIDATION,ts_slope_r2_10,H5_TOP20,"(-0.000412, -3.02e-06]",621,-0.001417826578596173,-0.002097163023649009
DEV_VALIDATION,ts_slope_r2_10,H5_TOP20,"(-3.02e-06, 0.00012]",575,-0.0015569763882051846,-0.0032129640810042714
DEV_VALIDATION,ts_slope_r2_10,H5_TOP20,"(0.00012, 0.0012]",655,-2.2060522006093057e-05,-0.0035725027547459363
DEV_VALIDATION,ts_slope_r2_10,H5_TOP20,"(0.0012, 0.00373]",865,0.0007268132460848526,0.0004023103393228256
DEV_VALIDATION,ts_slope_r2_10,H5_TOP20,"(0.00373, 0.0087]",946,0.0023316034394460635,0.0032720483055358983
DEV_VALIDATION,ts_slope_r2_10,H5_TOP20,"(0.0087, 0.457]",249,-0.0006830907624852626,-0.006537404175584286
DEV_VALIDATION,ts_rsv10,H5_BOTTOM20,"(-0.0576, 0.0821]",1619,-0.012603244268592984,-0.021030812620272725
DEV_VALIDATION,ts_rsv10,H5_BOTTOM20,"(0.0821, 0.157]",1205,-0.010540000346825524,-0.016491449401369925
DEV_VALIDATION,ts_rsv10,H5_BOTTOM20,"(0.157, 0.242]",1178,-0.01215809560285448,-0.017844376926622173
DEV_VALIDATION,ts_rsv10,H5_BOTTOM20,"(0.242, 0.34]",1085,-0.011451050737336377,-0.01955116486692061
DEV_VALIDATION,ts_rsv10,H5_BOTTOM20,"(0.34, 0.448]",973,-0.00821600673757277,-0.016194765041732048
DEV_VALIDATION,ts_rsv10,H5_BOTTOM20,"(0.448, 0.562]",945,-0.0033776173367377252,-0.011530237733492958
DEV_VALIDATION,ts_rsv10,H5_BOTTOM20,"(0.562, 0.674]",911,-0.004699821193515075,-0.006058533845184113
DEV_VALIDATION,ts_rsv10,H5_BOTTOM20,"(0.674, 0.782]",755,-0.0019306572829571867,-0.0004920476578919868
DEV_VALIDATION,ts_rsv10,H5_BOTTOM20,"(0.782, 0.887]",608,-0.006835996433627233,-0.021305956718456635
DEV_VALIDATION,ts_rsv10,H5_BOTTOM20,"(0.887, 1.007]",527,-0.008387835152587095,-0.020770962864250276
DEV_VALIDATION,ts_rsv10,H5_MIDDLE,"(-0.0576, 0.0821]",2645,-0.005101578381855028,-0.008647590412696226
DEV_VALIDATION,ts_rsv10,H5_MIDDLE,"(0.0821, 0.157]",2597,-0.00257116184238775,-0.002825958397813946
DEV_VALIDATION,ts_rsv10,H5_MIDDLE,"(0.157, 0.242]",2563,-0.0012386751221611727,-0.002574022016136917
DEV_VALIDATION,ts_rsv10,H5_MIDDLE,"(0.242, 0.34]",2472,-0.0026097188558002033,-0.003983584846057533
DEV_VALIDATION,ts_rsv10,H5_MIDDLE,"(0.34, 0.448]",2399,-0.002025590451967975,-0.005557970553555469
DEV_VALIDATION,ts_rsv10,H5_MIDDLE,"(0.448, 0.562]",2429,-0.001915125673921825,-0.006330143207445933
DEV_VALIDATION,ts_rsv10,H5_MIDDLE,"(0.562, 0.674]",2395,-0.00377081823454072,-0.0047775441584073835
DEV_VALIDATION,ts_rsv10,H5_MIDDLE,"(0.674, 0.782]",2331,-0.002774644760377772,-0.006859795830760042
DEV_VALIDATION,ts_rsv10,H5_MIDDLE,"(0.782, 0.887]",2324,-0.0026600510139657297,-0.0068429315674703685
DEV_VALIDATION,ts_rsv10,H5_MIDDLE,"(0.887, 1.007]",1959,-0.005215508899804919,-0.010163212943318414
DEV_VALIDATION,ts_rsv10,H5_TOP20,"(-0.0576, 0.0821]",507,-0.004885541932064655,-0.005261302416819356
DEV_VALIDATION,ts_rsv10,H5_TOP20,"(0.0821, 0.157]",613,-0.002646069622700702,-0.004052878016938884
DEV_VALIDATION,ts_rsv10,H5_TOP20,"(0.157, 0.242]",648,0.0004586422338616084,-0.001139455476535701
DEV_VALIDATION,ts_rsv10,H5_TOP20,"(0.242, 0.34]",569,-0.0018985399178146373,-0.003461730552991801
DEV_VALIDATION,ts_rsv10,H5_TOP20,"(0.34, 0.448]",515,0.0003824647425842899,-0.0027313993086753798
DEV_VALIDATION,ts_rsv10,H5_TOP20,"(0.448, 0.562]",508,-0.0017380829676582755,-0.004142120504057502
DEV_VALIDATION,ts_rsv10,H5_TOP20,"(0.562, 0.674]",525,0.0010625956390227717,-0.0015478890406169779
DEV_VALIDATION,ts_rsv10,H5_TOP20,"(0.674, 0.782]",616,0.0010540883886017024,0.0008449861394380159
DEV_VALIDATION,ts_rsv10,H5_TOP20,"(0.782, 0.887]",800,7.665296044448878e-05,0.0032028067643246577
DEV_VALIDATION,ts_rsv10,H5_TOP20,"(0.887, 1.007]",980,0.0019527207598645157,-0.00038008989153270027
DEV_VALIDATION,ts_pv_corr10,H5_BOTTOM20,"(-0.993, -0.52]",709,-0.003648228887342047,-0.013151680028552357
DEV_VALIDATION,ts_pv_corr10,H5_BOTTOM20,"(-0.52, -0.327]",790,-0.005801587888037732,-0.00915594768903272
DEV_VALIDATION,ts_pv_corr10,H5_BOTTOM20,"(-0.327, -0.169]",807,-0.008851644581843055,-0.012385325647708428
DEV_VALIDATION,ts_pv_corr10,H5_BOTTOM20,"(-0.169, -0.0249]",866,-0.005380907941170134,-0.0026065082259712847
DEV_VALIDATION,ts_pv_corr10,H5_BOTTOM20,"(-0.0249, 0.112]",928,-0.014939745043982244,-0.019619512675463323
DEV_VALIDATION,ts_pv_corr10,H5_BOTTOM20,"(0.112, 0.243]",982,-0.002274917583655506,-0.0053661973174568625
DEV_VALIDATION,ts_pv_corr10,H5_BOTTOM20,"(0.243, 0.373]",1002,-0.00878605076721294,-0.010681111109553644
DEV_VALIDATION,ts_pv_corr10,H5_BOTTOM20,"(0.373, 0.508]",1074,-0.004437312704980042,-0.014400060773459601
DEV_VALIDATION,ts_pv_corr10,H5_BOTTOM20,"(0.508, 0.661]",1188,-0.008405504218120136,-0.014202775554391216
DEV_VALIDATION,ts_pv_corr10,H5_BOTTOM20,"(0.661, 0.997]",1460,-0.018306698938729164,-0.03922740363569992
DEV_VALIDATION,ts_pv_corr10,H5_MIDDLE,"(-0.993, -0.52]",2162,-0.002695709519794909,-0.002592954226773053
DEV_VALIDATION,ts_pv_corr10,H5_MIDDLE,"(-0.52, -0.327]",2492,-0.0019134015671624157,-0.0026324967148310713
DEV_VALIDATION,ts_pv_corr10,H5_MIDDLE,"(-0.327, -0.169]",2514,-0.002056408802811593,-0.003094577616486127
DEV_VALIDATION,ts_pv_corr10,H5_MIDDLE,"(-0.169, -0.0249]",2400,-0.0025265186867765065,-0.005607099921971554
DEV_VALIDATION,ts_pv_corr10,H5_MIDDLE,"(-0.0249, 0.112]",2517,-0.002959477727571379,-0.00622403942266148
DEV_VALIDATION,ts_pv_corr10,H5_MIDDLE,"(0.112, 0.243]",2487,-0.0030359029439158726,-0.006654904752191827
DEV_VALIDATION,ts_pv_corr10,H5_MIDDLE,"(0.243, 0.373]",2422,-0.0017174213492205978,-0.003273909499011943
DEV_VALIDATION,ts_pv_corr10,H5_MIDDLE,"(0.373, 0.508]",2430,-0.002855528684499727,-0.004859837340970591
DEV_VALIDATION,ts_pv_corr10,H5_MIDDLE,"(0.508, 0.661]",2416,-0.00551219660630258,-0.010924241116687605
DEV_VALIDATION,ts_pv_corr10,H5_MIDDLE,"(0.661, 0.997]",2274,-0.0043804049210223964,-0.011811669839573224
DEV_VALIDATION,ts_pv_corr10,H5_TOP20,"(-0.993, -0.52]",570,-0.0006119611252419031,0.0004900336995739501
DEV_VALIDATION,ts_pv_corr10,H5_TOP20,"(-0.52, -0.327]",711,-0.0016692704078363776,-0.001298727935387709
DEV_VALIDATION,ts_pv_corr10,H5_TOP20,"(-0.327, -0.169]",706,0.0004466158635763564,-0.0010234446216127963
DEV_VALIDATION,ts_pv_corr10,H5_TOP20,"(-0.169, -0.0249]",734,-0.00039106068391892994,-0.0009396799313080476
DEV_VALIDATION,ts_pv_corr10,H5_TOP20,"(-0.0249, 0.112]",710,4.345487025621582e-05,-0.0002042912233106294
DEV_VALIDATION,ts_pv_corr10,H5_TOP20,"(0.112, 0.243]",683,-0.0011796329457748806,-0.00177535726471573
DEV_VALIDATION,ts_pv_corr10,H5_TOP20,"(0.243, 0.373]",631,0.0001732156654694548,-0.004156905778701214
DEV_VALIDATION,ts_pv_corr10,H5_TOP20,"(0.373, 0.508]",600,-0.0013514691307521757,-0.0023875383514515612
DEV_VALIDATION,ts_pv_corr10,H5_TOP20,"(0.508, 0.661]",543,0.0009987910104210102,-0.0004946899682920764
DEV_VALIDATION,ts_pv_corr10,H5_TOP20,"(0.661, 0.997]",393,0.00014143929877187588,-0.004415040442117613
DEV_VALIDATION,ts_rsi5,H5_BOTTOM20,"(-0.001, 10.0]",1078,-0.01294299870122393,-0.0153208978782897
DEV_VALIDATION,ts_rsi5,H5_BOTTOM20,"(10.0, 21.354]",1136,-0.014831264197682496,-0.020596255519019523
DEV_VALIDATION,ts_rsi5,H5_BOTTOM20,"(21.354, 30.556]",1097,-0.006514304599453094,-0.010597025253682118
DEV_VALIDATION,ts_rsi5,H5_BOTTOM20,"(30.556, 38.889]",1049,-0.008940969516026166,-0.0199095641404657
DEV_VALIDATION,ts_rsi5,H5_BOTTOM20,"(38.889, 46.97]",1020,-0.008890384716986421,-0.018078655586170618
DEV_VALIDATION,ts_rsi5,H5_BOTTOM20,"(46.97, 54.839]",991,-0.003311975306278204,-0.01023048342750455
DEV_VALIDATION,ts_rsi5,H5_BOTTOM20,"(54.839, 63.137]",887,-0.005950338456895407,-0.014685205201635389
DEV_VALIDATION,ts_rsi5,H5_BOTTOM20,"(63.137, 72.131]",884,-0.008826630567270502,-0.0176161086100706
DEV_VALIDATION,ts_rsi5,H5_BOTTOM20,"(72.131, 82.759]",797,-0.006345093834793726,-0.018711562556208615
DEV_VALIDATION,ts_rsi5,H5_BOTTOM20,"(82.759, 99.937]",743,-0.008508562973721694,-0.010428680627707075
DEV_VALIDATION,ts_rsi5,H5_MIDDLE,"(-0.001, 10.0]",2781,-0.0022822834627235274,-0.002940035680084605
DEV_VALIDATION,ts_rsi5,H5_MIDDLE,"(10.0, 21.354]",2384,-0.001413605462567342,-0.0029405287756641006
DEV_VALIDATION,ts_rsi5,H5_MIDDLE,"(21.354, 30.556]",2273,-0.0016526300304881348,-0.003698041812008476
DEV_VALIDATION,ts_rsi5,H5_MIDDLE,"(30.556, 38.889]",2285,-0.002735389317301467,-0.004307602311308515
DEV_VALIDATION,ts_rsi5,H5_MIDDLE,"(38.889, 46.97]",2371,-0.0011229332343433186,-0.0028199452085849283
DEV_VALIDATION,ts_rsi5,H5_MIDDLE,"(46.97, 54.839]",2441,-0.0027344537976222894,-0.006870327834226153
DEV_VALIDATION,ts_rsi5,H5_MIDDLE,"(54.839, 63.137]",2461,-0.003438347757312423,-0.00813842447670689
DEV_VALIDATION,ts_rsi5,H5_MIDDLE,"(63.137, 72.131]",2290,-0.003588445316646415,-0.006910954518504415
DEV_VALIDATION,ts_rsi5,H5_MIDDLE,"(72.131, 82.759]",2255,-0.0054208365953625935,-0.011918792872053253
DEV_VALIDATION,ts_rsi5,H5_MIDDLE,"(82.759, 99.937]",2060,-0.004772738528472373,-0.006769778312751402
DEV_VALIDATION,ts_rsi5,H5_TOP20,"(-0.001, 10.0]",732,-0.002714082426782226,-0.002489831668470424
DEV_VALIDATION,ts_rsi5,H5_TOP20,"(10.0, 21.354]",531,-0.0033897538276470495,-0.00530719267335495
DEV_VALIDATION,ts_rsi5,H5_TOP20,"(21.354, 30.556]",537,-0.0003703797258353523,-0.004501110488215107
DEV_VALIDATION,ts_rsi5,H5_TOP20,"(30.556, 38.889]",479,-0.0010760050441648305,-0.004302282383600634
DEV_VALIDATION,ts_rsi5,H5_TOP20,"(38.889, 46.97]",563,-9.745393038469376e-05,-0.003285185225295342
DEV_VALIDATION,ts_rsi5,H5_TOP20,"(46.97, 54.839]",538,0.0003848717254505059,-0.0009947114262296194
DEV_VALIDATION,ts_rsi5,H5_TOP20,"(54.839, 63.137]",556,0.0015297006296084547,-0.0005413017508705195
DEV_VALIDATION,ts_rsi5,H5_TOP20,"(63.137, 72.131]",608,-0.0008284098121720757,-0.0018900961580377658
DEV_VALIDATION,ts_rsi5,H5_TOP20,"(72.131, 82.759]",687,0.0016376548104904067,0.002982642276063042
DEV_VALIDATION,ts_rsi5,H5_TOP20,"(82.759, 99.937]",790,0.0008871295306358957,0.0019663974860153087
DEV_VALIDATION,ts_clv3,H5_BOTTOM20,"(-1.9729999999999999, -0.461]",1778,-0.00902165794853101,-0.015141237118560765
DEV_VALIDATION,ts_clv3,H5_BOTTOM20,"(-0.461, -0.315]",1364,-0.0058559519190544505,-0.021379093075638272
DEV_VALIDATION,ts_clv3,H5_BOTTOM20,"(-0.315, -0.207]",1188,-0.005220516128933039,-0.013399350531519048
DEV_VALIDATION,ts_clv3,H5_BOTTOM20,"(-0.207, -0.111]",1106,-0.012595687789935328,-0.018021641372278283
DEV_VALIDATION,ts_clv3,H5_BOTTOM20,"(-0.111, -0.0222]",930,-0.011356718298020088,-0.013634287162622794
DEV_VALIDATION,ts_clv3,H5_BOTTOM20,"(-0.0222, 0.0677]",922,-0.006285447814551838,-0.016490685037898422
DEV_VALIDATION,ts_clv3,H5_BOTTOM20,"(0.0677, 0.167]",812,-0.00977807925940271,-0.013815391098676431
DEV_VALIDATION,ts_clv3,H5_BOTTOM20,"(0.167, 0.278]",662,-0.00799037637972749,-0.008722054568537696
DEV_VALIDATION,ts_clv3,H5_BOTTOM20,"(0.278, 0.432]",607,-0.008393721149614324,-0.01175510566679552
DEV_VALIDATION,ts_clv3,H5_BOTTOM20,"(0.432, 1.667]",437,-0.014900873093554165,-0.019805905469499365
DEV_VALIDATION,ts_clv3,H5_MIDDLE,"(-1.9729999999999999, -0.461]",2101,-0.003437963384649354,-0.010807394807032406
DEV_VALIDATION,ts_clv3,H5_MIDDLE,"(-0.461, -0.315]",2367,-0.0039227188195828,-0.006149007672958333
DEV_VALIDATION,ts_clv3,H5_MIDDLE,"(-0.315, -0.207]",2427,-0.002913748372227255,-0.008139384962418249
DEV_VALIDATION,ts_clv3,H5_MIDDLE,"(-0.207, -0.111]",2507,-0.003846978161850333,-0.006749796929265198
DEV_VALIDATION,ts_clv3,H5_MIDDLE,"(-0.111, -0.0222]",2455,-0.0033884038637202983,-0.005517523425149302
DEV_VALIDATION,ts_clv3,H5_MIDDLE,"(-0.0222, 0.0677]",2620,-0.002505628807068272,-0.0040073882874182495
DEV_VALIDATION,ts_clv3,H5_MIDDLE,"(0.0677, 0.167]",2540,-0.002390049216700504,-0.004077767899641664
DEV_VALIDATION,ts_clv3,H5_MIDDLE,"(0.167, 0.278]",2468,-0.0032981173966543016,-0.005754134425397418
DEV_VALIDATION,ts_clv3,H5_MIDDLE,"(0.278, 0.432]",2420,-0.0025631606907304534,-0.00558191653065403
DEV_VALIDATION,ts_clv3,H5_MIDDLE,"(0.432, 1.667]",2209,-0.0012155842846331836,-0.0011598977031133141
DEV_VALIDATION,ts_clv3,H5_TOP20,"(-1.9729999999999999, -0.461]",349,-0.0031005781324072194,-0.00505611504798466
DEV_VALIDATION,ts_clv3,H5_TOP20,"(-0.461, -0.315]",433,-0.00355477670721855,-0.0057882311311096965
DEV_VALIDATION,ts_clv3,H5_TOP20,"(-0.315, -0.207]",502,-0.0021839945848209277,-0.0050143434820615375
DEV_VALIDATION,ts_clv3,H5_TOP20,"(-0.207, -0.111]",530,-0.0008963458704237873,-0.0005941256753771926
DEV_VALIDATION,ts_clv3,H5_TOP20,"(-0.111, -0.0222]",566,-0.0010215668099636237,-0.0030845141193398965
DEV_VALIDATION,ts_clv3,H5_TOP20,"(-0.0222, 0.0677]",598,-5.250103652853869e-05,-9.101384081424392e-05
DEV_VALIDATION,ts_clv3,H5_TOP20,"(0.0677, 0.167]",695,-9.319474015720707e-05,0.0006646230884269992
DEV_VALIDATION,ts_clv3,H5_TOP20,"(0.167, 0.278]",737,0.0009211870168889266,-0.00018169489073357803
DEV_VALIDATION,ts_clv3,H5_TOP20,"(0.278, 0.432]",819,0.00030078533143046584,-0.0015211701400300597
DEV_VALIDATION,ts_clv3,H5_TOP20,"(0.432, 1.667]",1052,0.001479065606394411,0.0003306499606976105
