date,rank,watch_rank,buy_rank,watchlist_flag,code,security_name,signal_label,signal_quality,tradability_profile,market_gate_name,market_gate_active,market_gate_score,market_gate_threshold,signal_score,selection_score,selection_rank_pct,preferred_horizon_days,policy_pred_abs_return,selection_score_2d,selection_score_3d,selection_score_4d,selection_score_5d,c1_pred_rank_excess_2d,c1_pred_rank_excess_3d,c1_pred_rank_excess_4d,c1_pred_rank_excess_5d,c1_pred_rank_excess_hold25,c1_pred_resid_2d,c1_pred_resid_3d,c1_pred_resid_4d,c1_pred_resid_5d,c1_pred_resid_hold25,c1_raw_pred_stock_return_2d,c1_raw_pred_stock_return_3d,c1_raw_pred_stock_return_4d,c1_raw_pred_stock_return_5d,c1_pred_stock_return_2d,c1_pred_stock_return_3d,c1_pred_stock_return_4d,c1_pred_stock_return_5d,c1_pred_stock_return_hold25,c2_p_topq_2d,c2_p_topq_3d,c2_p_topq_4d,c2_p_topq_5d,c2_p_abs_net_positive_2d,c2_p_abs_net_positive_3d,c2_p_abs_net_positive_4d,c2_p_abs_net_positive_5d,c2_p_topq_hold25,c2_p_abs_net_positive_hold25,h5_hold25_score,h5_hold25_rank_pct,current_setup_shadow,setup_trend_strength,setup_extension_strength,setup_efficiency,setup_breakout_strength,setup_volume_confirmation,setup_acceleration,ts_er10,ts_volume_clv,ts_breakout20_atr,ts_rv5_rv20,ts_rsv20,ts_signed_balance10,ts_pv_corr20,s_shadow_return,c_shadow_return,sc_shadow_return,sc_confluence,adv20_hkd,median_amount20_hkd,p20_amount20_hkd,amount_cv20,amihud20,traded_days20,market_cap_hkd,age_sessions,beta_market_60
2026-10-02,1,1.0,1.0,True,1398.HK,,STRONG_BUY,A,U4_10B_50M,G0_ALWAYS,True,1.0,0.5,99.84152139461173,0.9484723708238474,0.9984152139461173,3,-0.0015181965552393908,0.9292568399205193,0.9585753819173498,0.9726007384942119,0.9467687258159235,0.5055792362841962,0.5112601105050867,0.5156001276817652,0.5194180756085748,0.510671560762415,-0.001621444780771574,-0.0032912657285061207,-0.0026158012264218132,-0.005077242477130235,-0.002666842123857852,-0.0023847618658306407,0.007462701240039632,-0.002467033523189219,-0.0024029416845469144,-0.0015969315596351793,-0.0013345518888469175,-0.0016216154097469895,-0.0015473528278184582,-0.0015181965552393908,0.07671494191448197,0.08530579968776118,0.09213940982504727,0.0943880568225619,0.42868674158630643,0.4398330524541428,0.4427829761309535,0.44203663706594726,0.08414440431938679,0.4361848713035508,0.035656479994609545,0.9817258883248731,OTHER_CHOP,0.0,-0.3541920068929924,0.06735751295336737,-0.9582181519386493,-0.5791642019321734,-0.28997025003387017,0.06735751295336737,-0.6612041353402637,-1.9236641221374016,1.402340524557552,0.17105263157894846,-0.05813406855295313,0.22161810824083414,0.0,0.0,0.0,NO_SC_DATA,1113440370.15,1015050788.0,777661801.4,0.3663652654002113,9.786282358938285e-12,20.0,2657008646598.495,1545.0,0.7474126322757433
2026-10-02,2,2.0,2.0,True,0135.HK,,STRONG_BUY,A,U4_10B_50M,G0_ALWAYS,True,1.0,0.5,99.68304278922345,0.9448745042515708,0.9968304278922345,3,-0.0015224850567548602,0.9570852807967372,0.9525686405431713,0.9399695914148036,0.8827588148696374,0.5167264976131194,0.5152484164013578,0.5149338855502519,0.5171969682440387,0.5159715979001094,-0.0019507311920226877,-0.003874837796549233,-0.003409892873434515,-0.0060675969747819485,-0.0032314820879389434,-0.0023847618658306407,0.007091217615941601,-0.0028308136769708892,-0.0024476922099557815,-0.0015969315596351793,-0.0013443150906772671,-0.0016277375979630551,-0.0015487038610499718,-0.0015224850567548602,0.0582610434566683,0.0634737511001536,0.068234520907789,0.0709771421462418,0.42868674158630643,0.4398330524541428,0.4427829761309535,0.4424370969863213,0.06309116110889539,0.4362249172955882,0.030409638579046917,0.9289340101522843,OTHER_CHOP,0.0,0.074435928888127,0.12820512820512786,-0.8033381665207158,0.3898890187378773,-0.026244864280084764,0.12820512820512786,0.41166915159416045,-1.1079545454545474,0.39022981757039227,0.6176470588235287,-0.12403316771524066,0.3839606002457666,0.0,0.0,0.0,NO_SC_DATA,78509591.95,78523931.5,47203084.4,0.424344237492823,1.2465227263751694e-10,20.0,65467743342.259995,1545.0,0.48471088915392013
2026-10-02,3,3.0,3.0,True,1288.HK,,STRONG_BUY,A,U4_10B_50M,G0_ALWAYS,True,1.0,0.5,99.3660855784469,0.9418544410210207,0.993660855784469,3,-0.00151680432810219,0.9182569766787068,0.9566087991826688,0.9580351066311632,0.9596198926850459,0.5077038587654787,0.5183216271136064,0.520745727049846,0.5276183602076057,0.5154890130710033,-0.001351890831371727,-0.002689597441235364,-0.001765469702262419,-0.004623951506146906,-0.002163124655986474,-0.0023847618658306407,0.007462701240039632,-0.002274035952008434,-0.002156961647478257,-0.0015969315596351793,-0.0013345518888469175,-0.0016183673835868779,-0.0015399266087666728,-0.00151680432810219,0.05363913386719146,0.057316831332229715,0.06389573306177418,0.06543520777668464,0.42868674158630643,0.4398330524541428,0.4427829761309535,0.44203663706594726,0.05797337033656881,0.4361848713035508,0.02868304867316273,0.9116751269035533,OTHER_CHOP,0.0,0.061810353984090814,0.186666666666666,-0.930383715785431,-0.27149607802371506,-0.19384173452898695,0.186666666666666,-0.2784782455384883,-1.6612377850162863,0.8924151444422571,0.5048543689320387,0.20006168781006187,-0.17037822657088522,0.0,0.0,0.0,NO_SC_DATA,666328441.9,525238703.0,439191487.0,1.0655331607236254,2.5045470186393983e-11,20.0,2260890398819.58,1545.0,0.7943161603998947
2026-10-02,4,4.0,4.0,True,0019.HK,,STRONG_BUY,A,U4_10B_50M,G0_ALWAYS,True,1.0,0.5,99.20760697305863,0.931325629288777,0.9920760697305864,3,-0.0015212606191116471,0.9455966277039909,0.9003509858656391,0.9482907639955915,0.9332352964837056,0.5129277139330314,0.5087997471803156,0.5161427916151281,0.5200565311556951,0.5130452211659025,-0.002613227055642837,-0.004446686646663514,-0.0037485520111670625,-0.0063563209715740915,-0.0037646393156470104,-0.0023847618658306407,0.007091217615941601,-0.002467033523189219,-0.0024476922099557815,-0.0015969315596351793,-0.0013443150906772671,-0.0016216154097469895,-0.0015487038610499718,-0.0015212606191116471,0.05813318720395036,0.05031545624619738,0.05940921009695945,0.061861331124105245,0.42868674158630643,0.4398330524541428,0.4427829761309535,0.44203663706594726,0.05641588688724178,0.4361848713035508,0.032076569394115344,0.9461928934010152,OTHER_CHOP,0.0,-0.38451886240000893,0.15463917525773213,-0.9943543777942575,0.6895079634909866,-0.26116439539074116,0.15463917525773213,0.847017182965972,-2.9335976214073307,0.939916616919078,0.36480686695278997,0.16416842438269952,-0.004415932960963783,0.0,0.0,0.0,NO_SC_DATA,115248960.85,114678676.5,90132377.8,0.3136731260490479,1.0089171874809294e-10,20.0,367145554600.0,1545.0,0.6623406997199396
2026-10-02,5,5.0,5.0,True,2359.HK,,STRONG_BUY,A,U4_10B_50M,G0_ALWAYS,True,1.0,0.5,99.04912836767036,0.9232827193963332,0.9904912836767037,3,-0.0015227548035004238,0.9386155244676486,0.9379023707434015,0.8852082344518007,0.8942415149589322,0.5162485081652568,0.5198174970648214,0.5117568368778448,0.5200999282518168,0.5168060125862998,-0.0019507311920226877,-0.004029634473564019,-0.0037874217677878507,-0.007091713000352179,-0.003455838472471069,-0.0023847618658306407,0.007091217615941601,-0.0025823755980415876,-0.0028140206266746366,-0.0015969315596351793,-0.0013443150906772671,-0.0016235565433798636,-0.0015597634376719911,-0.0015227548035004238,0.10140726584925949,0.10723713316755239,0.11004534219815222,0.10066923342456185,0.42868674158630643,0.4398330524541428,0.4427829761309535,0.4424370969863213,0.10481003807205616,0.4362249172955882,0.02725648175882607,0.8903553299492386,OTHER_CHOP,0.0,0.5845172518356029,0.3370786516853936,-0.835223264797227,0.2493509823338832,0.012355946614046135,0.3370786516853936,0.25472064605600747,-1.2051649928263997,1.144700203669217,0.7407407407407406,0.35385916081079927,-0.03541945238398495,0.0,0.0,0.0,NO_SC_DATA,736981234.6,669803911.5,459976866.6,0.4232562443834279,2.428803205218769e-11,20.0,637329853860.0,1545.0,1.0659502671519672
2026-10-02,6,6.0,6.0,True,0622.HK,,BUY,B,U4_10B_50M,G0_ALWAYS,True,1.0,0.5,98.8906497622821,0.9142288447151006,0.9889064976228209,3,-0.00151680432810219,0.9191654532729452,0.9203540428133573,0.91734294931098,0.8698786069971924,0.5195714121531687,0.5204016949557169,0.5191377519330811,0.525889459257389,0.5203655696603376,-0.001351890831371727,-0.002689597441235364,-0.001765469702262419,-0.007558180778466403,-0.002456547583218424,-0.0023847618658306407,0.007462701240039632,-0.002274035952008434,-0.002156961647478257,-0.0015969315596351793,-0.0013345518888469175,-0.0016183673835868779,-0.0015399266087666728,-0.00151680432810219,0.14441952436285765,0.15665911920931436,0.15386057022465932,0.13944344288523586,0.42868674158630643,0.4398330524541428,0.4427829761309535,0.44203663706594726,0.14948200384139282,0.4361848713035508,0.021687528152882392,0.8274111675126904,OTHER_CHOP,0.0,0.4053475886889792,0.22522522522522498,-0.6379546098706153,-0.07198808810936046,-0.07661803425217698,0.22522522522522498,-0.07211283046892865,-0.7547169811320761,0.4687187887027458,0.8095238095238093,0.240670047002769,0.00474612054995088,0.0,0.0,0.0,NO_SC_DATA,89951306.8,69627458.5,37229769.0,0.8950706505193566,2.9414207342619957e-10,20.0,21698385393.75,1545.0,0.11457098965186581
2026-10-02,7,7.0,7.0,True,6823.HK,,BUY,B,U4_10B_50M,G0_ALWAYS,True,1.0,0.5,98.57369255150554,0.9033106743787558,0.9857369255150554,3,-0.0015218357418744384,0.9283978376117193,0.8440872195451583,0.9211870610665529,0.9448796125720997,0.5127937990951825,0.5119697821030991,0.5149426645831757,0.5211349310309947,0.5138104802887373,-0.0029263549617401766,-0.005589425227952704,-0.0047380470135492,-0.007001172021572953,-0.004495096157949017,-0.002713537634793568,0.007252894720377606,-0.002467033523189219,-0.0030604264350960093,-0.0015969315596351793,-0.0013400659499357664,-0.0016216154097469895,-0.0015672025109023876,-0.0015218357418744384,0.04556871489539101,0.04543431647779241,0.0618009959841231,0.05914531443893541,0.42859323678017536,0.4398330524541428,0.4427829761309535,0.44207722176638414,0.05013251154221229,0.4361515278511421,0.03333267243076993,0.9593908629441624,OTHER_CHOP,0.0,-0.8637611215225722,0.7741935483870955,-0.9999320502344269,-0.2973358230334582,-0.05669029490152956,0.7741935483870955,-0.30659449797805655,-5.144927536231884,0.6141566942204185,0.10126582278481032,-0.7769247875585176,-0.0081770154966452,0.0,0.0,0.0,NO_SC_DATA,74648575.4,67212080.0,50483651.0,0.4512414069873007,6.150421250656648e-11,20.0,90761308836.03,1545.0,0.2043462057055574
2026-10-02,8,8.0,8.0,True,0293.HK,,BUY,B,U4_10B_50M,G0_ALWAYS,True,1.0,0.5,98.41521394611728,0.898934653720225,0.9841521394611727,3,-0.0015241308618136606,0.8850360800276733,0.9176034334349634,0.9166525618026339,0.8630867931813977,0.5114507468867507,0.515002805263238,0.5162607573398813,0.5188271828074192,0.5142160100823898,-0.0029730568519666756,-0.00460856146271536,-0.004126078169015633,-0.00728439495595616,-0.0041254463090000205,-0.0026372962647655215,0.006916690468647753,-0.0025823755980415876,-0.0028140206266746366,-0.0015969315596351793,-0.0013489019517213903,-0.0016235565433798636,-0.0015597634376719911,-0.0015241308618136606,0.06503952722682062,0.07243855663617531,0.06716215906300636,0.07869104014242528,0.4287604239135048,0.4398330524541428,0.4425468962834084,0.4424370969863213,0.06904891370842464,0.43620717425695854,0.027762305130851605,0.8954314720812183,OTHER_CHOP,0.0,0.2561832155231488,0.358778625954196,-0.7847790279505331,-0.29142957729550867,-0.1546655848711709,0.358778625954196,-0.30012781605874655,-1.057692307692308,1.0145071956116385,0.6796116504854366,0.370124629429448,-0.15115516209339772,0.0,0.0,0.0,NO_SC_DATA,167151260.45,149668702.0,86265767.60000001,0.6404348460052244,6.673004924939072e-11,20.0,87872300149.09999,1545.0,0.3130040480160976
2026-10-02,9,9.0,9.0,True,3968.HK,,BUY,B,U4_10B_50M,G0_ALWAYS,True,1.0,0.5,98.25673534072901,0.8966173264578825,0.9825673534072901,3,-0.0015258448297550378,0.8616569461092296,0.9276632852534452,0.9187884833517019,0.8989786576781679,0.5050438348754342,0.5106802884128443,0.5125750296186324,0.5188145693750659,0.50961808333526,-0.003160082168285202,-0.004949544538798696,-0.004546823217134091,-0.00744853382748492,-0.004403114255129,-0.0029241008698103594,0.0067895915036537404,-0.0025823755980415876,-0.003049810302264099,-0.0015969315596351793,-0.001352242321975067,-0.0016235565433798636,-0.001566882006324731,-0.0015258448297550378,0.05007622030005789,0.0512708926468512,0.054244349305342374,0.05885699803454919,0.4287284251800267,0.4398330524541428,0.4425468962834084,0.4424776892967741,0.05214632557860192,0.43619843399461256,0.03724211627629189,0.9908629441624366,OTHER_CHOP,0.0,-0.42630932936709515,0.15555555555555486,-0.991011549826202,-0.10524945037921106,-0.05685032059764326,0.15555555555555486,-0.10564068575269285,-2.700228832951944,0.839574423890561,0.14492753623188423,-0.15006728103617506,0.11323725167912371,0.0,0.0,0.0,NO_SC_DATA,522543781.65,478071089.5,372713594.20000005,0.3760717341664874,2.0473500684116187e-11,20.0,1276124187410.6,1545.0,0.6384414865022688
2026-10-02,10,10.0,10.0,True,0270.HK,,BUY,B,U4_10B_50M,G0_ALWAYS,True,1.0,0.5,98.09825673534073,0.8935528972624229,0.9809825673534073,3,-0.0015241308618136606,0.9150267482925338,0.8916511539977636,0.8819047197663848,0.836659077928033,0.5106879415976671,0.5086290903968073,0.511553951903613,0.5164882211691867,0.5108235162557503,-0.002703502902566828,-0.004265863662275905,-0.004126078169015633,-0.00728439495595616,-0.003914815389108245,-0.0025628161073053255,0.006916690468647753,-0.0025823755980415876,-0.0028140206266746366,-0.0015969315596351793,-0.0013489019517213903,-0.0016235565433798636,-0.0015597634376719911,-0.0015241308618136606,0.05057281236503608,0.05492485649977554,0.06112449113090442,0.054560314549381,0.42876754585775434,0.4398330524541428,0.4425468962834084,0.4424370969863213,0.05438751157706608,0.4362100230346584,0.028613035020478468,0.9106598984771573,OTHER_CHOP,0.0,0.09811415385332223,0.010526315789471637,-0.8050133719159911,-0.0881405785650262,0.007359213877648063,0.010526315789471637,-0.08836989613974448,-1.1126961483594795,0.4625782718954553,0.610000000000003,-0.006154696524729987,-0.48946514018610954,0.0,0.0,0.0,NO_SC_DATA,99736890.75,81472054.5,63573304.0,0.6049329059585483,7.742075431068936e-11,20.0,57761652422.40001,1545.0,0.2445124642591481
2026-10-02,11,11.0,11.0,True,3306.HK,,BUY,B,U4_10B_50M,G0_ALWAYS,True,1.0,0.5,97.93977812995246,0.8897942995969657,0.9793977812995246,3,-0.00151768205333052,0.9393981030834949,0.8832174374733522,0.8493822552229561,0.7919337607697072,0.5143516455873711,0.5084275147759106,0.5079468539130486,0.5207607093872489,0.5119343543890562,-0.001351890831371727,-0.003292858049038781,-0.0021235045302738223,-0.008431161461636276,-0.0027964307994787175,-0.0023847618658306407,0.007462701240039632,-0.002274035952008434,-0.0024476922099557815,-0.0015969315596351793,-0.0013345518888469175,-0.0016183673835868779,-0.0015487038610499718,-0.00151768205333052,0.12684314237138775,0.10582528191715786,0.12136142728394689,0.11072596536711217,0.42868674158630643,0.4398330524541428,0.4427829761309535,0.44203663706594726,0.11782972351720306,0.4361848713035508,0.025931219457287855,0.8822335025380711,OTHER_CHOP,0.0,0.6894086013812745,0.3892215568862271,-0.5733961726682895,-0.026297469879386474,-0.020634703367782233,0.3892215568862271,-0.026303534461763676,-0.6525679758308193,0.8563900040425908,0.8679706601466985,0.396878980472895,0.46687414013152445,0.0,0.0,0.0,NO_SC_DATA,54255581.0,46642545.0,25187244.6,0.6962446983123176,4.2781807156983305e-10,20.0,12297552100.0,1545.0,0.2373966063233582
2026-10-02,12,12.0,12.0,True,2688.HK,,BUY,B,U4_10B_50M,G0_ALWAYS,True,1.0,0.5,97.78129952456418,0.889483134497655,0.9778129952456418,3,-0.0015241308618136606,0.8913373341806978,0.9006083325959118,0.8841265576355314,0.8594038951949609,0.5077648953326831,0.5085649292348777,0.5095631455481592,0.5164864480261752,0.5092367108157859,-0.0029730568519666756,-0.00460856146271536,-0.004126078169015633,-0.00728439495595616,-0.0041254463090000205,-0.0026372962647655215,0.006916690468647753,-0.0025823755980415876,-0.0028140206266746366,-0.0015969315596351793,-0.0013489019517213903,-0.0016235565433798636,-0.0015597634376719911,-0.0015241308618136606,0.05541950356994487,0.053893876340003456,0.0653866093588679,0.06564282822070859,0.4287604239135048,0.4398330524541428,0.4425468962834084,0.4424370969863213,0.05797756902382343,0.43620717425695854,0.033704485384880425,0.9624365482233502,OTHER_CHOP,0.0,-0.26498089726859225,0.10798122065727689,-0.9901250826033031,0.24985169102889443,0.011689722181443473,0.10798122065727689,0.2552546219020947,-2.652977412731008,0.3654038334439689,0.23999999999999908,-0.10049157140057091,-0.13370780951130196,0.0,0.0,0.0,NO_SC_DATA,198833382.9,201178824.0,145070024.20000002,0.38718809970853846,6.233157992058344e-11,20.0,55030025015.68,1545.0,0.7644229369289031
2026-10-02,13,13.0,13.0,True,1038.HK,,BUY,B,U4_10B_50M,G0_ALWAYS,True,1.0,0.5,97.62282091917591,0.8868755983170697,0.9762282091917591,3,-0.0015241308618136606,0.8846489739113645,0.8927313827861665,0.8990705270016975,0.8538248851633456,0.506738601287648,0.507405109142338,0.5104720023646877,0.5160289787888662,0.5086142716095848,-0.0029730568519666756,-0.004429894316407987,-0.004126078169015633,-0.00728439495595616,-0.004071846165107809,-0.0025628161073053255,0.006916690468647753,-0.0025823755980415876,-0.0028140206266746366,-0.0015969315596351793,-0.0013489019517213903,-0.0016235565433798636,-0.0015597634376719911,-0.0015241308618136606,0.05985562599687751,0.06400030638672356,0.06810087193482285,0.06661468467294133,0.42876754585775434,0.4398330524541428,0.4425468962834084,0.4424370969863213,0.06342398516902678,0.4362100230346584,0.03423301560551566,0.9685279187817258,OTHER_CHOP,0.0,-0.21304226817723695,0.058823529411764705,-0.8574527459651653,-0.22710653691247373,-0.14729962731283952,0.058823529411764705,-0.23113652582869065,-1.2836438923395441,0.8828614775615793,0.5373134328358219,0.06339580316812307,-0.03259774329033401,0.0,0.0,0.0,NO_SC_DATA,81641435.25,80433830.5,70356946.60000001,0.3008160686335976,8.702242069038747e-11,20.0,163522750330.5,1545.0,0.14312297240296892
2026-10-02,14,14.0,14.0,True,9618.HK,,BUY,B,U4_10B_50M,G0_ALWAYS,True,1.0,0.5,97.46434231378764,0.883786974989341,0.9746434231378764,3,-0.0015258448297550378,0.8705738212650936,0.9061918878261079,0.8761205724536832,0.884757656447344,0.513986553672667,0.5137985807486696,0.5146353346675362,0.5204524910405736,0.5147065117312323,-0.003636931278372241,-0.005546529114389462,-0.005045578864244019,-0.007867055870384287,-0.004914552605552967,-0.0028915918762682526,0.0067895915036537404,-0.0025823755980415876,-0.003049810302264099,-0.0015969315596351793,-0.001352242321975067,-0.0016235565433798636,-0.001566882006324731,-0.0015258448297550378,0.04076324371635882,0.04647864300029672,0.04302880880951374,0.0471644666679532,0.4286740366512162,0.4398330524541428,0.4425468962834084,0.4424776892967741,0.04357109881533062,0.4361766785830884,0.038771060981858264,0.9928934010152284,OTHER_CHOP,0.0,-0.5969458278057197,0.23076923076923028,-0.9994757597422446,0.7038610185062693,-0.09284190573913013,0.23076923076923028,0.8749116329758291,-4.123222748815164,1.0156347577183953,0.22321428571428595,-0.22653044028738015,-0.166973267980106,0.0,0.0,0.0,NO_SC_DATA,635064986.15,561806564.5,474111298.4,0.36578575582640444,1.3955341077922892e-11,20.0,290002558895.7,1545.0,1.310673337128419
2026-10-02,15,15.0,15.0,True,0006.HK,,BUY,B,U4_10B_50M,G0_ALWAYS,True,1.0,0.5,97.30586370839937,0.8827608059079538,0.9730586370839936,3,-0.0015218357418744384,0.9015444826115987,0.8686997916448793,0.88720216882396,0.8409264160505845,0.508238619498858,0.5074285878849967,0.5109522388749517,0.5147742862696963,0.5091919005670023,-0.0029263549617401766,-0.0052103730519976795,-0.004447988805803409,-0.007001172021572953,-0.004323368863613352,-0.002713537634793568,0.007252894720377606,-0.002467033523189219,-0.0030604264350960093,-0.0015969315596351793,-0.0013400659499357664,-0.0016216154097469895,-0.0015672025109023876,-0.0015218357418744384,0.0389285870793303,0.040557506268301374,0.049849965381893374,0.04826632216916891,0.42859323678017536,0.4398330524541428,0.4427829761309535,0.44207722176638414,0.0425353120055181,0.4361515278511421,0.03226470307200421,0.950253807106599,OTHER_CHOP,0.0,-0.43074481405964565,0.15384615384615427,-0.9829595661575133,-0.06296701404044888,-0.03690381913733912,0.15384615384615427,-0.06305043071832492,-2.378378378378376,0.8625938591807021,0.13725490196078502,-0.14995134792432768,0.014090089286970711,0.0,0.0,0.0,NO_SC_DATA,184464891.75,169797421.5,129424610.2,0.423556448483932,4.570888341637499e-11,20.0,126481090889.90001,1545.0,0.17937806410274565
2026-10-02,16,16.0,16.0,True,0388.HK,,BUY,B,U4_10B_50M,G0_ALWAYS,True,1.0,0.5,97.1473851030111,0.8809404940992864,0.971473851030111,3,-0.0015258448297550378,0.8478977048758316,0.9159642658900946,0.8833969124828046,0.9031274988536446,0.5086700940617879,0.5162752569396227,0.5152107037310534,0.5224259366826354,0.5136353491210762,-0.003636931278372241,-0.005546529114389462,-0.005045578864244019,-0.007867055870384287,-0.004914552605552967,-0.0028915918762682526,0.0067895915036537404,-0.0025823755980415876,-0.003049810302264099,-0.0015969315596351793,-0.001352242321975067,-0.0016235565433798636,-0.001566882006324731,-0.0015258448297550378,0.043125417813659014,0.04191280081532785,0.04589909214816002,0.041440588936868,0.4286740366512162,0.4398330524541428,0.4425468962834084,0.4424776892967741,0.04314788469338076,0.4361766785830884,0.040135579787707716,0.9979695431472081,EXTENDED_NOISY,0.0,-0.9095208384532464,0.37647058823529383,-0.9999924828550637,-0.7920047300653141,-0.2265703776569974,0.37647058823529383,-1.0767874471663248,-6.2457337883958965,1.1103295794328036,0.02659574468085109,-0.37562702953921356,-0.46243292357701604,0.0,0.0,0.0,NO_SC_DATA,1244365458.8,1116733376.5,809422525.6,0.4935442769006947,7.343829924745704e-12,20.0,476453105141.0,1545.0,0.8715430875620989
2026-10-02,17,17.0,17.0,True,1299.HK,,BUY,B,U4_10B_50M,G0_ALWAYS,True,1.0,0.5,96.67194928684627,0.8756354026724159,0.9667194928684627,3,-0.0015218357418744384,0.8655561633697219,0.8428144834965046,0.9038287465709895,0.9580284296137789,0.5043717969376273,0.5120008553839982,0.5132979491991951,0.5236759515646633,0.5103761603865558,-0.0029263549617401766,-0.005589425227952704,-0.0047380470135492,-0.007001172021572953,-0.004495096157949017,-0.002713537634793568,0.007252894720377606,-0.002467033523189219,-0.0030604264350960093,-0.0015969315596351793,-0.0013400659499357664,-0.0016216154097469895,-0.0015672025109023876,-0.0015218357418744384,0.08593772669204572,0.08543586603812206,0.08601922453503172,0.08359585545890735,0.42859323678017536,0.4398330524541428,0.4427829761309535,0.44207722176638414,0.08556928094115199,0.4361515278511421,0.0326056355209815,0.9553299492385787,OTHER_CHOP,0.0,-0.9410212947562271,0.7511520737327195,-0.9999498243824703,-0.7207976862128976,-0.3264656975901214,0.7511520737327195,-0.9093032876479924,-5.296551724137921,1.481104903346166,0.01030927835051634,-0.7529251668520149,-0.2531479548948451,0.0,0.0,0.0,NO_SC_DATA,2060689645.65,1946850392.0,1675898922.4,0.35445589080183665,4.9651807321366535e-12,20.0,715987825004.0,1545.0,1.0646387584617991
2026-10-02,18,18.0,18.0,True,1093.HK,,BUY,B,U4_10B_50M,G0_ALWAYS,True,1.0,0.5,96.513470681458,0.870590433362562,0.96513470681458,3,-0.0015227548035004238,0.8828170577682672,0.8865413049948917,0.8915333810646222,0.7319454254386317,0.5096920068397416,0.5120645691941844,0.5176997761258059,0.5123634084788721,0.5122724695672004,-0.0019507311920226877,-0.004029634473564019,-0.0037874217677878507,-0.007091713000352179,-0.003455838472471069,-0.0023847618658306407,0.007091217615941601,-0.0025823755980415876,-0.0028140206266746366,-0.0015969315596351793,-0.0013443150906772671,-0.0016235565433798636,-0.0015597634376719911,-0.0015227548035004238,0.11169461224392996,0.12036915896456375,0.11520629932059848,0.11426281996424534,0.42868674158630643,0.4398330524541428,0.4427829761309535,0.4424370969863213,0.11525613444748534,0.4362249172955882,0.020316689383558142,0.8131979695431472,OTHER_CHOP,0.0,0.711718664296575,0.5094339622641503,-0.5724079671430279,0.17998090910429917,0.20598824038456162,0.5094339622641503,0.18196295851812666,-0.6510969568294424,0.9510931408172715,0.8597560975609754,0.530839880829658,0.18922489077174642,0.0,0.0,0.0,NO_SC_DATA,797225629.75,726949504.0,452587942.4,0.4902043298632336,2.235058925111103e-11,20.0,114417945698.76,1545.0,1.022064842434833
2026-10-02,19,19.0,19.0,True,0303.HK,,BUY,B,U4_10B_50M,G0_ALWAYS,True,1.0,0.5,96.35499207606973,0.869074468855334,0.9635499207606973,3,-0.0015258448297550378,0.8851125037206271,0.8823391281263323,0.8354294609314038,0.8324183674290264,0.5125555484794837,0.5096615971705694,0.513393037255144,0.518991060962651,0.5124984120902581,-0.003160082168285202,-0.00541604927347642,-0.005045578864244019,-0.007867055870384287,-0.00468466900924424,-0.0029241008698103594,0.0067895915036537404,-0.0025823755980415876,-0.003049810302264099,-0.0015969315596351793,-0.001352242321975067,-0.0016235565433798636,-0.001566882006324731,-0.0015258448297550378,0.05258641465095569,0.0620143956343467,0.06071486351179505,0.06540824999799517,0.4286740366512162,0.4398330524541428,0.4425468962834084,0.4424776892967741,0.058322682252844815,0.4361766785830884,0.030199051444806127,0.9258883248730965,OTHER_CHOP,0.0,0.5620875106825027,0.5740740740740745,-0.6822617902381688,0.21100752222834024,-0.3037456716060204,0.5740740740740745,0.21422558409684664,-0.8333333333333316,0.7658178901399844,0.8235294117647062,0.5870170872189795,0.32163652329233705,0.0,0.0,0.0,NO_SC_DATA,59944566.45,48712066.5,25294726.2,1.0473922846874442,1.9752232780582406e-10,20.0,13184988232.0,1545.0,0.4643573448479454
2026-10-02,20,20.0,20.0,True,3988.HK,,BUY,B,U4_10B_50M,G0_ALWAYS,True,1.0,0.5,96.19651347068145,0.8684313433676302,0.9619651347068146,3,-0.0015241308618136606,0.8268386333834781,0.9116246872662038,0.9007689027971072,0.8405470327495637,0.4982521953534937,0.5072942910531882,0.5101812353109317,0.5146997876473256,0.5049953912842728,-0.002703502902566828,-0.004265863662275905,-0.00428846542719763,-0.00728439495595616,-0.003947292840744645,-0.0025628161073053255,0.006916690468647753,-0.0025823755980415876,-0.0028140206266746366,-0.0015969315596351793,-0.0013489019517213903,-0.0016235565433798636,-0.0015597634376719911,-0.0015241308618136606,0.06200112551486295,0.07077964063044556,0.078035568092631,0.0830922019369913,0.42876754585775434,0.4398330524541428,0.4425468962834084,0.4424370969863213,0.06995067620730418,0.4362100230346584,0.039899914618688866,0.9969543147208122,OTHER_CHOP,0.0,-0.3047121393286241,0.11111111111111174,-0.9385207291709577,-0.3056282445130912,-0.21659964914720264,0.11111111111111174,-0.31571606475882685,-1.7254901960784295,1.2297446832095482,0.2786885245901641,-0.1049939576958812,0.6026531246103087,0.0,0.0,0.0,NO_SC_DATA,959257746.95,870708142.5,668598332.4,0.3836086439966327,1.2134498378490347e-11,20.0,1907497477938.88,1545.0,0.7003668344374491
